"Country or Area","Age","Reliability","Source Year","Value","Value Footnotes"
"Andorra","Total","Final figure, complete","2019","76177","1"
"Andorra","0 - 4","Final figure, complete","2019","2719","1"
"Andorra","5 - 9","Final figure, complete","2019","3823","1"
"Andorra","10 - 14","Final figure, complete","2019","4027","1"
"Andorra","15 - 19","Final figure, complete","2019","4077","1"
"Andorra","20 - 24","Final figure, complete","2019","4005","1"
"Andorra","25 - 29","Final figure, complete","2019","4570","1"
"Andorra","30 - 34","Final figure, complete","2019","5062","1"
"Andorra","35 - 39","Final figure, complete","2019","6269","1"
"Andorra","40 - 44","Final figure, complete","2019","7035","1"
"Andorra","45 - 49","Final figure, complete","2019","7083","1"
"Andorra","50 - 54","Final figure, complete","2019","6792","1"
"Andorra","55 - 59","Final figure, complete","2019","5926","1"
"Andorra","60 - 64","Final figure, complete","2019","4443","1"
"Andorra","65 - 69","Final figure, complete","2019","3333","1"
"Andorra","70 - 74","Final figure, complete","2019","2668","1"
"Andorra","75 - 79","Final figure, complete","2019","1785","1"
"Andorra","80 - 84","Final figure, complete","2019","1190","1"
"Andorra","85 +","Final figure, complete","2019","1370","1"
"Antigua and Barbuda","Total","Final figure, complete","2019","96453","2"
"Antigua and Barbuda","0 - 4","Final figure, complete","2019","6870","2"
"Antigua and Barbuda","5 - 9","Final figure, complete","2019","6837","2"
"Antigua and Barbuda","10 - 14","Final figure, complete","2019","7013","2"
"Antigua and Barbuda","15 - 19","Final figure, complete","2019","7109","2"
"Antigua and Barbuda","20 - 24","Final figure, complete","2019","7841","2"
"Antigua and Barbuda","25 - 29","Final figure, complete","2019","7465","2"
"Antigua and Barbuda","30 - 34","Final figure, complete","2019","7096","2"
"Antigua and Barbuda","35 - 39","Final figure, complete","2019","7020","2"
"Antigua and Barbuda","40 - 44","Final figure, complete","2019","6966","2"
"Antigua and Barbuda","45 - 49","Final figure, complete","2019","6956","2"
"Antigua and Barbuda","50 - 54","Final figure, complete","2019","6636","2"
"Antigua and Barbuda","55 - 59","Final figure, complete","2019","5774","2"
"Antigua and Barbuda","60 - 64","Final figure, complete","2019","4325","2"
"Antigua and Barbuda","65 - 69","Final figure, complete","2019","3079","2"
"Antigua and Barbuda","70 - 74","Final figure, complete","2019","2293","2"
"Antigua and Barbuda","75 - 79","Final figure, complete","2019","1450","2"
"Antigua and Barbuda","80 - 84","Final figure, complete","2019","739","2"
"Antigua and Barbuda","85 - 89","Final figure, complete","2019","635","2"
"Antigua and Barbuda","90 - 94","Final figure, complete","2019","243","2"
"Antigua and Barbuda","95 +","Final figure, complete","2019","106","2"
"Argentina","Total","Final figure, complete","2019","44938712","3"
"Argentina","0","Final figure, complete","2019","740709","3"
"Argentina","0 - 4","Final figure, complete","2019","3726162","3"
"Argentina","1","Final figure, complete","2019","743308","3"
"Argentina","1 - 4","Final figure, complete","2019","2985453","3"
"Argentina","2","Final figure, complete","2019","745579","3"
"Argentina","3","Final figure, complete","2019","747234","3"
"Argentina","4","Final figure, complete","2019","749332","3"
"Argentina","5","Final figure, complete","2019","751846","3"
"Argentina","5 - 9","Final figure, complete","2019","3743931","3"
"Argentina","6","Final figure, complete","2019","753532","3"
"Argentina","7","Final figure, complete","2019","754272","3"
"Argentina","8","Final figure, complete","2019","754243","3"
"Argentina","9","Final figure, complete","2019","730038","3"
"Argentina","10","Final figure, complete","2019","719370","3"
"Argentina","10 - 14","Final figure, complete","2019","3542513","3"
"Argentina","11","Final figure, complete","2019","712160","3"
"Argentina","12","Final figure, complete","2019","706506","3"
"Argentina","13","Final figure, complete","2019","703092","3"
"Argentina","14","Final figure, complete","2019","701385","3"
"Argentina","15","Final figure, complete","2019","700881","3"
"Argentina","15 - 19","Final figure, complete","2019","3508965","3"
"Argentina","16","Final figure, complete","2019","701126","3"
"Argentina","17","Final figure, complete","2019","701674","3"
"Argentina","18","Final figure, complete","2019","702273","3"
"Argentina","19","Final figure, complete","2019","703011","3"
"Argentina","20","Final figure, complete","2019","704205","3"
"Argentina","20 - 24","Final figure, complete","2019","3548389","3"
"Argentina","21","Final figure, complete","2019","706169","3"
"Argentina","22","Final figure, complete","2019","709303","3"
"Argentina","23","Final figure, complete","2019","712998","3"
"Argentina","24","Final figure, complete","2019","715714","3"
"Argentina","25","Final figure, complete","2019","716055","3"
"Argentina","25 - 29","Final figure, complete","2019","3522333","3"
"Argentina","26","Final figure, complete","2019","713424","3"
"Argentina","27","Final figure, complete","2019","707262","3"
"Argentina","28","Final figure, complete","2019","698065","3"
"Argentina","29","Final figure, complete","2019","687527","3"
"Argentina","30","Final figure, complete","2019","677072","3"
"Argentina","30 - 34","Final figure, complete","2019","3287553","3"
"Argentina","31","Final figure, complete","2019","666944","3"
"Argentina","32","Final figure, complete","2019","657094","3"
"Argentina","33","Final figure, complete","2019","647633","3"
"Argentina","34","Final figure, complete","2019","638810","3"
"Argentina","35","Final figure, complete","2019","631491","3"
"Argentina","35 - 39","Final figure, complete","2019","3141871","3"
"Argentina","36","Final figure, complete","2019","626897","3"
"Argentina","37","Final figure, complete","2019","625994","3"
"Argentina","38","Final figure, complete","2019","627667","3"
"Argentina","39","Final figure, complete","2019","629822","3"
"Argentina","40","Final figure, complete","2019","628986","3"
"Argentina","40 - 44","Final figure, complete","2019","3027334","3"
"Argentina","41","Final figure, complete","2019","622983","3"
"Argentina","42","Final figure, complete","2019","610387","3"
"Argentina","43","Final figure, complete","2019","592601","3"
"Argentina","44","Final figure, complete","2019","572377","3"
"Argentina","45","Final figure, complete","2019","552405","3"
"Argentina","45 - 49","Final figure, complete","2019","2579461","3"
"Argentina","46","Final figure, complete","2019","533048","3"
"Argentina","47","Final figure, complete","2019","514833","3"
"Argentina","48","Final figure, complete","2019","497721","3"
"Argentina","49","Final figure, complete","2019","481454","3"
"Argentina","50","Final figure, complete","2019","466576","3"
"Argentina","50 - 54","Final figure, complete","2019","2241959","3"
"Argentina","51","Final figure, complete","2019","454497","3"
"Argentina","52","Final figure, complete","2019","445787","3"
"Argentina","53","Final figure, complete","2019","439860","3"
"Argentina","54","Final figure, complete","2019","435239","3"
"Argentina","55","Final figure, complete","2019","430405","3"
"Argentina","55 - 59","Final figure, complete","2019","2084864","3"
"Argentina","56","Final figure, complete","2019","424746","3"
"Argentina","57","Final figure, complete","2019","417904","3"
"Argentina","58","Final figure, complete","2019","410044","3"
"Argentina","59","Final figure, complete","2019","401765","3"
"Argentina","60","Final figure, complete","2019","393375","3"
"Argentina","60 - 64","Final figure, complete","2019","1879409","3"
"Argentina","61","Final figure, complete","2019","384879","3"
"Argentina","62","Final figure, complete","2019","376148","3"
"Argentina","63","Final figure, complete","2019","367204","3"
"Argentina","64","Final figure, complete","2019","357803","3"
"Argentina","65","Final figure, complete","2019","347970","3"
"Argentina","65 - 69","Final figure, complete","2019","1631170","3"
"Argentina","66","Final figure, complete","2019","337584","3"
"Argentina","67","Final figure, complete","2019","326760","3"
"Argentina","68","Final figure, complete","2019","315338","3"
"Argentina","69","Final figure, complete","2019","303518","3"
"Argentina","70","Final figure, complete","2019","291042","3"
"Argentina","70 - 74","Final figure, complete","2019","1311495","3"
"Argentina","71","Final figure, complete","2019","277595","3"
"Argentina","72","Final figure, complete","2019","263027","3"
"Argentina","73","Final figure, complete","2019","247702","3"
"Argentina","74","Final figure, complete","2019","232129","3"
"Argentina","75","Final figure, complete","2019","216911","3"
"Argentina","75 - 79","Final figure, complete","2019","945129","3"
"Argentina","76","Final figure, complete","2019","202333","3"
"Argentina","77","Final figure, complete","2019","188461","3"
"Argentina","78","Final figure, complete","2019","175238","3"
"Argentina","79","Final figure, complete","2019","162186","3"
"Argentina","80","Final figure, complete","2019","149281","3"
"Argentina","80 - 84","Final figure, complete","2019","627708","3"
"Argentina","81","Final figure, complete","2019","136829","3"
"Argentina","82","Final figure, complete","2019","124962","3"
"Argentina","83","Final figure, complete","2019","113704","3"
"Argentina","84","Final figure, complete","2019","102932","3"
"Argentina","85","Final figure, complete","2019","92431","3"
"Argentina","85 - 89","Final figure, complete","2019","364728","3"
"Argentina","86","Final figure, complete","2019","82241","3"
"Argentina","87","Final figure, complete","2019","72383","3"
"Argentina","88","Final figure, complete","2019","63093","3"
"Argentina","89","Final figure, complete","2019","54580","3"
"Argentina","90","Final figure, complete","2019","46791","3"
"Argentina","90 - 94","Final figure, complete","2019","166561","3"
"Argentina","91","Final figure, complete","2019","39563","3"
"Argentina","92","Final figure, complete","2019","32777","3"
"Argentina","93","Final figure, complete","2019","26517","3"
"Argentina","94","Final figure, complete","2019","20913","3"
"Argentina","95","Final figure, complete","2019","16146","3"
"Argentina","95 - 99","Final figure, complete","2019","48440","3"
"Argentina","96","Final figure, complete","2019","12221","3"
"Argentina","97","Final figure, complete","2019","9008","3"
"Argentina","98","Final figure, complete","2019","6512","3"
"Argentina","99","Final figure, complete","2019","4553","3"
"Argentina","100 +","Final figure, complete","2019","8737","3"
"Bermuda","Total","Final figure, complete","2019","64027","4,5"
"Bermuda","0","Final figure, complete","2019","557","4,5"
"Bermuda","0 - 4","Final figure, complete","2019","2876","4,5"
"Bermuda","1","Final figure, complete","2019","568","4,5"
"Bermuda","1 - 4","Final figure, complete","2019","2319","4,5"
"Bermuda","2","Final figure, complete","2019","581","4,5"
"Bermuda","3","Final figure, complete","2019","587","4,5"
"Bermuda","4","Final figure, complete","2019","583","4,5"
"Bermuda","5","Final figure, complete","2019","591","4,5"
"Bermuda","5 - 9","Final figure, complete","2019","3132","4,5"
"Bermuda","6","Final figure, complete","2019","660","4,5"
"Bermuda","7","Final figure, complete","2019","574","4,5"
"Bermuda","8","Final figure, complete","2019","644","4,5"
"Bermuda","9","Final figure, complete","2019","663","4,5"
"Bermuda","10","Final figure, complete","2019","699","4,5"
"Bermuda","10 - 14","Final figure, complete","2019","3303","4,5"
"Bermuda","11","Final figure, complete","2019","685","4,5"
"Bermuda","12","Final figure, complete","2019","650","4,5"
"Bermuda","13","Final figure, complete","2019","647","4,5"
"Bermuda","14","Final figure, complete","2019","622","4,5"
"Bermuda","15","Final figure, complete","2019","623","4,5"
"Bermuda","15 - 19","Final figure, complete","2019","3193","4,5"
"Bermuda","16","Final figure, complete","2019","634","4,5"
"Bermuda","17","Final figure, complete","2019","646","4,5"
"Bermuda","18","Final figure, complete","2019","647","4,5"
"Bermuda","19","Final figure, complete","2019","643","4,5"
"Bermuda","20","Final figure, complete","2019","637","4,5"
"Bermuda","20 - 24","Final figure, complete","2019","3045","4,5"
"Bermuda","21","Final figure, complete","2019","619","4,5"
"Bermuda","22","Final figure, complete","2019","606","4,5"
"Bermuda","23","Final figure, complete","2019","592","4,5"
"Bermuda","24","Final figure, complete","2019","591","4,5"
"Bermuda","25","Final figure, complete","2019","548","4,5"
"Bermuda","25 - 29","Final figure, complete","2019","3041","4,5"
"Bermuda","26","Final figure, complete","2019","582","4,5"
"Bermuda","27","Final figure, complete","2019","638","4,5"
"Bermuda","28","Final figure, complete","2019","639","4,5"
"Bermuda","29","Final figure, complete","2019","634","4,5"
"Bermuda","30","Final figure, complete","2019","705","4,5"
"Bermuda","30 - 34","Final figure, complete","2019","3813","4,5"
"Bermuda","31","Final figure, complete","2019","712","4,5"
"Bermuda","32","Final figure, complete","2019","754","4,5"
"Bermuda","33","Final figure, complete","2019","795","4,5"
"Bermuda","34","Final figure, complete","2019","847","4,5"
"Bermuda","35","Final figure, complete","2019","903","4,5"
"Bermuda","35 - 39","Final figure, complete","2019","4610","4,5"
"Bermuda","36","Final figure, complete","2019","951","4,5"
"Bermuda","37","Final figure, complete","2019","916","4,5"
"Bermuda","38","Final figure, complete","2019","934","4,5"
"Bermuda","39","Final figure, complete","2019","906","4,5"
"Bermuda","40","Final figure, complete","2019","892","4,5"
"Bermuda","40 - 44","Final figure, complete","2019","4571","4,5"
"Bermuda","41","Final figure, complete","2019","913","4,5"
"Bermuda","42","Final figure, complete","2019","922","4,5"
"Bermuda","43","Final figure, complete","2019","962","4,5"
"Bermuda","44","Final figure, complete","2019","882","4,5"
"Bermuda","45","Final figure, complete","2019","912","4,5"
"Bermuda","45 - 49","Final figure, complete","2019","4946","4,5"
"Bermuda","46","Final figure, complete","2019","982","4,5"
"Bermuda","47","Final figure, complete","2019","993","4,5"
"Bermuda","48","Final figure, complete","2019","1076","4,5"
"Bermuda","49","Final figure, complete","2019","983","4,5"
"Bermuda","50","Final figure, complete","2019","939","4,5"
"Bermuda","50 - 54","Final figure, complete","2019","4969","4,5"
"Bermuda","51","Final figure, complete","2019","944","4,5"
"Bermuda","52","Final figure, complete","2019","1022","4,5"
"Bermuda","53","Final figure, complete","2019","983","4,5"
"Bermuda","54","Final figure, complete","2019","1081","4,5"
"Bermuda","55","Final figure, complete","2019","1140","4,5"
"Bermuda","55 - 59","Final figure, complete","2019","5545","4,5"
"Bermuda","56","Final figure, complete","2019","1108","4,5"
"Bermuda","57","Final figure, complete","2019","1077","4,5"
"Bermuda","58","Final figure, complete","2019","1100","4,5"
"Bermuda","59","Final figure, complete","2019","1120","4,5"
"Bermuda","60","Final figure, complete","2019","1066","4,5"
"Bermuda","60 - 64","Final figure, complete","2019","4882","4,5"
"Bermuda","61","Final figure, complete","2019","993","4,5"
"Bermuda","62","Final figure, complete","2019","987","4,5"
"Bermuda","63","Final figure, complete","2019","936","4,5"
"Bermuda","64","Final figure, complete","2019","900","4,5"
"Bermuda","65","Final figure, complete","2019","877","4,5"
"Bermuda","65 - 69","Final figure, complete","2019","3875","4,5"
"Bermuda","66","Final figure, complete","2019","788","4,5"
"Bermuda","67","Final figure, complete","2019","796","4,5"
"Bermuda","68","Final figure, complete","2019","733","4,5"
"Bermuda","69","Final figure, complete","2019","681","4,5"
"Bermuda","70","Final figure, complete","2019","678","4,5"
"Bermuda","70 - 74","Final figure, complete","2019","3067","4,5"
"Bermuda","71","Final figure, complete","2019","652","4,5"
"Bermuda","72","Final figure, complete","2019","593","4,5"
"Bermuda","73","Final figure, complete","2019","600","4,5"
"Bermuda","74","Final figure, complete","2019","544","4,5"
"Bermuda","75","Final figure, complete","2019","502","4,5"
"Bermuda","75 - 79","Final figure, complete","2019","2140","4,5"
"Bermuda","76","Final figure, complete","2019","482","4,5"
"Bermuda","77","Final figure, complete","2019","416","4,5"
"Bermuda","78","Final figure, complete","2019","378","4,5"
"Bermuda","79","Final figure, complete","2019","362","4,5"
"Bermuda","80","Final figure, complete","2019","367","4,5"
"Bermuda","80 - 84","Final figure, complete","2019","1556","4,5"
"Bermuda","81","Final figure, complete","2019","344","4,5"
"Bermuda","82","Final figure, complete","2019","285","4,5"
"Bermuda","83","Final figure, complete","2019","293","4,5"
"Bermuda","84","Final figure, complete","2019","267","4,5"
"Bermuda","85 +","Final figure, complete","2019","1463","4,5"
"Chile","Total","Final figure, complete","2019","18726548",""
"Chile","0","Final figure, complete","2019","246560",""
"Chile","0 - 4","Final figure, complete","2019","1246284",""
"Chile","1","Final figure, complete","2019","248189",""
"Chile","1 - 4","Final figure, complete","2019","999724",""
"Chile","2","Final figure, complete","2019","249694",""
"Chile","3","Final figure, complete","2019","251033",""
"Chile","4","Final figure, complete","2019","250808",""
"Chile","5","Final figure, complete","2019","248994",""
"Chile","5 - 9","Final figure, complete","2019","1250520",""
"Chile","6","Final figure, complete","2019","246809",""
"Chile","7","Final figure, complete","2019","247935",""
"Chile","8","Final figure, complete","2019","252069",""
"Chile","9","Final figure, complete","2019","254713",""
"Chile","10","Final figure, complete","2019","252911",""
"Chile","10 - 14","Final figure, complete","2019","1212394",""
"Chile","11","Final figure, complete","2019","247270",""
"Chile","12","Final figure, complete","2019","240430",""
"Chile","13","Final figure, complete","2019","236025",""
"Chile","14","Final figure, complete","2019","235758",""
"Chile","15","Final figure, complete","2019","237929",""
"Chile","15 - 19","Final figure, complete","2019","1236242",""
"Chile","16","Final figure, complete","2019","242242",""
"Chile","17","Final figure, complete","2019","248352",""
"Chile","18","Final figure, complete","2019","251273",""
"Chile","19","Final figure, complete","2019","256446",""
"Chile","20","Final figure, complete","2019","261884",""
"Chile","20 - 24","Final figure, complete","2019","1366943",""
"Chile","21","Final figure, complete","2019","267602",""
"Chile","22","Final figure, complete","2019","273378",""
"Chile","23","Final figure, complete","2019","279146",""
"Chile","24","Final figure, complete","2019","284933",""
"Chile","25","Final figure, complete","2019","290969",""
"Chile","25 - 29","Final figure, complete","2019","1510624",""
"Chile","26","Final figure, complete","2019","297028",""
"Chile","27","Final figure, complete","2019","303413",""
"Chile","28","Final figure, complete","2019","308468",""
"Chile","29","Final figure, complete","2019","310746",""
"Chile","30","Final figure, complete","2019","309458",""
"Chile","30 - 34","Final figure, complete","2019","1499763",""
"Chile","31","Final figure, complete","2019","305322",""
"Chile","32","Final figure, complete","2019","300420",""
"Chile","33","Final figure, complete","2019","295290",""
"Chile","34","Final figure, complete","2019","289273",""
"Chile","35","Final figure, complete","2019","282455",""
"Chile","35 - 39","Final figure, complete","2019","1337374",""
"Chile","36","Final figure, complete","2019","275060",""
"Chile","37","Final figure, complete","2019","267000",""
"Chile","38","Final figure, complete","2019","259241",""
"Chile","39","Final figure, complete","2019","253618",""
"Chile","40","Final figure, complete","2019","250642",""
"Chile","40 - 44","Final figure, complete","2019","1248220",""
"Chile","41","Final figure, complete","2019","249719",""
"Chile","42","Final figure, complete","2019","249515",""
"Chile","43","Final figure, complete","2019","249205",""
"Chile","44","Final figure, complete","2019","249139",""
"Chile","45","Final figure, complete","2019","248997",""
"Chile","45 - 49","Final figure, complete","2019","1244453",""
"Chile","46","Final figure, complete","2019","248822",""
"Chile","47","Final figure, complete","2019","248630",""
"Chile","48","Final figure, complete","2019","248801",""
"Chile","49","Final figure, complete","2019","249203",""
"Chile","50","Final figure, complete","2019","249851",""
"Chile","50 - 54","Final figure, complete","2019","1251192",""
"Chile","51","Final figure, complete","2019","250465",""
"Chile","52","Final figure, complete","2019","250938",""
"Chile","53","Final figure, complete","2019","250687",""
"Chile","54","Final figure, complete","2019","249251",""
"Chile","55","Final figure, complete","2019","246140",""
"Chile","55 - 59","Final figure, complete","2019","1179313",""
"Chile","56","Final figure, complete","2019","241569",""
"Chile","57","Final figure, complete","2019","236509",""
"Chile","58","Final figure, complete","2019","231023",""
"Chile","59","Final figure, complete","2019","224072",""
"Chile","60","Final figure, complete","2019","215466",""
"Chile","60 - 64","Final figure, complete","2019","976578",""
"Chile","61","Final figure, complete","2019","205672",""
"Chile","62","Final figure, complete","2019","195287",""
"Chile","63","Final figure, complete","2019","184981",""
"Chile","64","Final figure, complete","2019","175172",""
"Chile","65","Final figure, complete","2019","166154",""
"Chile","65 - 69","Final figure, complete","2019","747573",""
"Chile","66","Final figure, complete","2019","157826",""
"Chile","67","Final figure, complete","2019","149453",""
"Chile","68","Final figure, complete","2019","141022",""
"Chile","69","Final figure, complete","2019","133118",""
"Chile","70","Final figure, complete","2019","126048",""
"Chile","70 - 74","Final figure, complete","2019","566780",""
"Chile","71","Final figure, complete","2019","119505",""
"Chile","72","Final figure, complete","2019","113307",""
"Chile","73","Final figure, complete","2019","107172",""
"Chile","74","Final figure, complete","2019","100748",""
"Chile","75","Final figure, complete","2019","93829",""
"Chile","75 - 79","Final figure, complete","2019","401029",""
"Chile","76","Final figure, complete","2019","86804",""
"Chile","77","Final figure, complete","2019","79820",""
"Chile","78","Final figure, complete","2019","73301",""
"Chile","79","Final figure, complete","2019","67275",""
"Chile","80","Final figure, complete","2019","451266",""
"Chile","80 +","Final figure, complete","2019","451266",""
"France","Total","Provisional figure","2018","64812052","6"
"France","0","Provisional figure","2018","677969","6"
"France","0 - 4","Provisional figure","2018","3553486","6"
"France","1","Provisional figure","2018","690732","6"
"France","1 - 4","Provisional figure","2018","2875517","6"
"France","2","Provisional figure","2018","707054","6"
"France","3","Provisional figure","2018","726397","6"
"France","4","Provisional figure","2018","751334","6"
"France","5","Provisional figure","2018","762797","6"
"France","5 - 9","Provisional figure","2018","3932938","6"
"France","6","Provisional figure","2018","778563","6"
"France","7","Provisional figure","2018","786000","6"
"France","8","Provisional figure","2018","805980","6"
"France","9","Provisional figure","2018","799598","6"
"France","10","Provisional figure","2018","804211","6"
"France","10 - 14","Provisional figure","2018","3993033","6"
"France","11","Provisional figure","2018","796942","6"
"France","12","Provisional figure","2018","810699","6"
"France","13","Provisional figure","2018","791748","6"
"France","14","Provisional figure","2018","789433","6"
"France","15","Provisional figure","2018","787614","6"
"France","15 - 19","Provisional figure","2018","3965852","6"
"France","16","Provisional figure","2018","790935","6"
"France","17","Provisional figure","2018","804699","6"
"France","18","Provisional figure","2018","812009","6"
"France","19","Provisional figure","2018","770595","6"
"France","20","Provisional figure","2018","755992","6"
"France","20 - 24","Provisional figure","2018","3628336","6"
"France","21","Provisional figure","2018","729712","6"
"France","22","Provisional figure","2018","732447","6"
"France","23","Provisional figure","2018","716906","6"
"France","24","Provisional figure","2018","693279","6"
"France","25","Provisional figure","2018","691249","6"
"France","25 - 29","Provisional figure","2018","3677822","6"
"France","26","Provisional figure","2018","725780","6"
"France","27","Provisional figure","2018","738810","6"
"France","28","Provisional figure","2018","756645","6"
"France","29","Provisional figure","2018","765338","6"
"France","30","Provisional figure","2018","775747","6"
"France","30 - 34","Provisional figure","2018","3935486","6"
"France","31","Provisional figure","2018","781742","6"
"France","32","Provisional figure","2018","795086","6"
"France","33","Provisional figure","2018","793734","6"
"France","34","Provisional figure","2018","789177","6"
"France","35","Provisional figure","2018","780306","6"
"France","35 - 39","Provisional figure","2018","4099850","6"
"France","36","Provisional figure","2018","829011","6"
"France","37","Provisional figure","2018","837737","6"
"France","38","Provisional figure","2018","848914","6"
"France","39","Provisional figure","2018","803882","6"
"France","40","Provisional figure","2018","788140","6"
"France","40 - 44","Provisional figure","2018","3972025","6"
"France","41","Provisional figure","2018","792201","6"
"France","42","Provisional figure","2018","768385","6"
"France","43","Provisional figure","2018","790338","6"
"France","44","Provisional figure","2018","832961","6"
"France","45","Provisional figure","2018","879760","6"
"France","45 - 49","Provisional figure","2018","4416213","6"
"France","46","Provisional figure","2018","899550","6"
"France","47","Provisional figure","2018","894435","6"
"France","48","Provisional figure","2018","877492","6"
"France","49","Provisional figure","2018","864976","6"
"France","50","Provisional figure","2018","854770","6"
"France","50 - 54","Provisional figure","2018","4325144","6"
"France","51","Provisional figure","2018","850259","6"
"France","52","Provisional figure","2018","869002","6"
"France","53","Provisional figure","2018","871709","6"
"France","54","Provisional figure","2018","879404","6"
"France","55","Provisional figure","2018","868907","6"
"France","55 - 59","Provisional figure","2018","4206934","6"
"France","56","Provisional figure","2018","837856","6"
"France","57","Provisional figure","2018","838894","6"
"France","58","Provisional figure","2018","833849","6"
"France","59","Provisional figure","2018","827428","6"
"France","60","Provisional figure","2018","808901","6"
"France","60 - 64","Provisional figure","2018","3971679","6"
"France","61","Provisional figure","2018","802994","6"
"France","62","Provisional figure","2018","794551","6"
"France","63","Provisional figure","2018","784145","6"
"France","64","Provisional figure","2018","781088","6"
"France","65","Provisional figure","2018","763722","6"
"France","65 - 69","Provisional figure","2018","3831605","6"
"France","66","Provisional figure","2018","773065","6"
"France","67","Provisional figure","2018","754343","6"
"France","68","Provisional figure","2018","778931","6"
"France","69","Provisional figure","2018","761544","6"
"France","70","Provisional figure","2018","755014","6"
"France","70 - 74","Provisional figure","2018","3200937","6"
"France","71","Provisional figure","2018","736299","6"
"France","72","Provisional figure","2018","691879","6"
"France","73","Provisional figure","2018","516140","6"
"France","74","Provisional figure","2018","501605","6"
"France","75","Provisional figure","2018","483420","6"
"France","75 - 79","Provisional figure","2018","2130863","6"
"France","76","Provisional figure","2018","442973","6"
"France","77","Provisional figure","2018","390312","6"
"France","78","Provisional figure","2018","400929","6"
"France","79","Provisional figure","2018","413229","6"
"France","80","Provisional figure","2018","396346","6"
"France","80 - 84","Provisional figure","2018","1827662","6"
"France","81","Provisional figure","2018","379416","6"
"France","82","Provisional figure","2018","368689","6"
"France","83","Provisional figure","2018","346359","6"
"France","84","Provisional figure","2018","336852","6"
"France","85","Provisional figure","2018","307207","6"
"France","85 - 89","Provisional figure","2018","1318154","6"
"France","86","Provisional figure","2018","296580","6"
"France","87","Provisional figure","2018","267117","6"
"France","88","Provisional figure","2018","244281","6"
"France","89","Provisional figure","2018","202969","6"
"France","90","Provisional figure","2018","176990","6"
"France","90 - 94","Provisional figure","2018","631295","6"
"France","91","Provisional figure","2018","148004","6"
"France","92","Provisional figure","2018","123808","6"
"France","93","Provisional figure","2018","102168","6"
"France","94","Provisional figure","2018","80325","6"
"France","95","Provisional figure","2018","61934","6"
"France","95 +","Provisional figure","2018","192738","6"
"France","96","Provisional figure","2018","47205","6"
"France","97","Provisional figure","2018","34374","6"
"France","98","Provisional figure","2018","24225","6"
"France","99 +","Provisional figure","2018","25000","6"
"Guam","Total","Final figure, complete","2019","168147","7"
"Guam","0","Final figure, complete","2019","3181","7"
"Guam","0 - 4","Final figure, complete","2019","15921","7"
"Guam","1","Final figure, complete","2019","3181","7"
"Guam","1 - 4","Final figure, complete","2019","12740","7"
"Guam","2","Final figure, complete","2019","3190","7"
"Guam","3","Final figure, complete","2019","3187","7"
"Guam","4","Final figure, complete","2019","3182","7"
"Guam","5","Final figure, complete","2019","3114","7"
"Guam","5 - 9","Final figure, complete","2019","15466","7"
"Guam","6","Final figure, complete","2019","3170","7"
"Guam","7","Final figure, complete","2019","3135","7"
"Guam","8","Final figure, complete","2019","3007","7"
"Guam","9","Final figure, complete","2019","3040","7"
"Guam","10","Final figure, complete","2019","3036","7"
"Guam","10 - 14","Final figure, complete","2019","14590","7"
"Guam","11","Final figure, complete","2019","3039","7"
"Guam","12","Final figure, complete","2019","2960","7"
"Guam","13","Final figure, complete","2019","2785","7"
"Guam","14","Final figure, complete","2019","2770","7"
"Guam","15","Final figure, complete","2019","2782","7"
"Guam","15 - 19","Final figure, complete","2019","14117","7"
"Guam","16","Final figure, complete","2019","2647","7"
"Guam","17","Final figure, complete","2019","2764","7"
"Guam","18","Final figure, complete","2019","3008","7"
"Guam","19","Final figure, complete","2019","2916","7"
"Guam","20","Final figure, complete","2019","2719","7"
"Guam","20 - 24","Final figure, complete","2019","13220","7"
"Guam","21","Final figure, complete","2019","2652","7"
"Guam","22","Final figure, complete","2019","2571","7"
"Guam","23","Final figure, complete","2019","2630","7"
"Guam","24","Final figure, complete","2019","2648","7"
"Guam","25","Final figure, complete","2019","2589","7"
"Guam","25 - 29","Final figure, complete","2019","12552","7"
"Guam","26","Final figure, complete","2019","2604","7"
"Guam","27","Final figure, complete","2019","2504","7"
"Guam","28","Final figure, complete","2019","2442","7"
"Guam","29","Final figure, complete","2019","2413","7"
"Guam","30","Final figure, complete","2019","2280","7"
"Guam","30 - 34","Final figure, complete","2019","10724","7"
"Guam","31","Final figure, complete","2019","2171","7"
"Guam","32","Final figure, complete","2019","2147","7"
"Guam","33","Final figure, complete","2019","2099","7"
"Guam","34","Final figure, complete","2019","2027","7"
"Guam","35","Final figure, complete","2019","1907","7"
"Guam","35 - 39","Final figure, complete","2019","9218","7"
"Guam","36","Final figure, complete","2019","1932","7"
"Guam","37","Final figure, complete","2019","1798","7"
"Guam","38","Final figure, complete","2019","1740","7"
"Guam","39","Final figure, complete","2019","1841","7"
"Guam","40","Final figure, complete","2019","1802","7"
"Guam","40 - 44","Final figure, complete","2019","9095","7"
"Guam","41","Final figure, complete","2019","1766","7"
"Guam","42","Final figure, complete","2019","1911","7"
"Guam","43","Final figure, complete","2019","1785","7"
"Guam","44","Final figure, complete","2019","1831","7"
"Guam","45","Final figure, complete","2019","1902","7"
"Guam","45 - 49","Final figure, complete","2019","10270","7"
"Guam","46","Final figure, complete","2019","2028","7"
"Guam","47","Final figure, complete","2019","2107","7"
"Guam","48","Final figure, complete","2019","2154","7"
"Guam","49","Final figure, complete","2019","2079","7"
"Guam","50","Final figure, complete","2019","2052","7"
"Guam","50 - 54","Final figure, complete","2019","10169","7"
"Guam","51","Final figure, complete","2019","1981","7"
"Guam","52","Final figure, complete","2019","2003","7"
"Guam","53","Final figure, complete","2019","2054","7"
"Guam","54","Final figure, complete","2019","2079","7"
"Guam","55","Final figure, complete","2019","2095","7"
"Guam","55 - 59","Final figure, complete","2019","9774","7"
"Guam","56","Final figure, complete","2019","2034","7"
"Guam","57","Final figure, complete","2019","1925","7"
"Guam","58","Final figure, complete","2019","1922","7"
"Guam","59","Final figure, complete","2019","1798","7"
"Guam","60","Final figure, complete","2019","1649","7"
"Guam","60 - 64","Final figure, complete","2019","7549","7"
"Guam","61","Final figure, complete","2019","1583","7"
"Guam","62","Final figure, complete","2019","1457","7"
"Guam","63","Final figure, complete","2019","1438","7"
"Guam","64","Final figure, complete","2019","1422","7"
"Guam","65","Final figure, complete","2019","1334","7"
"Guam","65 - 69","Final figure, complete","2019","6178","7"
"Guam","66","Final figure, complete","2019","1271","7"
"Guam","67","Final figure, complete","2019","1186","7"
"Guam","68","Final figure, complete","2019","1198","7"
"Guam","69","Final figure, complete","2019","1189","7"
"Guam","70","Final figure, complete","2019","1029","7"
"Guam","70 - 74","Final figure, complete","2019","4271","7"
"Guam","71","Final figure, complete","2019","944","7"
"Guam","72","Final figure, complete","2019","900","7"
"Guam","73","Final figure, complete","2019","798","7"
"Guam","74","Final figure, complete","2019","600","7"
"Guam","75","Final figure, complete","2019","535","7"
"Guam","75 - 79","Final figure, complete","2019","2435","7"
"Guam","76","Final figure, complete","2019","500","7"
"Guam","77","Final figure, complete","2019","455","7"
"Guam","78","Final figure, complete","2019","478","7"
"Guam","79","Final figure, complete","2019","467","7"
"Guam","80","Final figure, complete","2019","415","7"
"Guam","80 - 84","Final figure, complete","2019","1645","7"
"Guam","81","Final figure, complete","2019","369","7"
"Guam","82","Final figure, complete","2019","342","7"
"Guam","83","Final figure, complete","2019","281","7"
"Guam","84","Final figure, complete","2019","238","7"
"Guam","85 - 89","Final figure, complete","2019","741","7"
"Guam","90 - 94","Final figure, complete","2019","179","7"
"Guam","95 - 99","Final figure, complete","2019","29","7"
"Guam","100 +","Final figure, complete","2019","4","7"
"Kyrgyzstan","Total","Final figure, complete","2019","6389500",""
"Kyrgyzstan","0","Final figure, complete","2019","168801",""
"Kyrgyzstan","0 - 4","Final figure, complete","2019","793110",""
"Kyrgyzstan","1 - 4","Final figure, complete","2019","624309",""
"Kyrgyzstan","5 - 9","Final figure, complete","2019","723843",""
"Kyrgyzstan","10 - 14","Final figure, complete","2019","568463",""
"Kyrgyzstan","15 - 19","Final figure, complete","2019","494774",""
"Kyrgyzstan","20 - 24","Final figure, complete","2019","538492",""
"Kyrgyzstan","25 - 29","Final figure, complete","2019","574286",""
"Kyrgyzstan","30 - 34","Final figure, complete","2019","540150",""
"Kyrgyzstan","35 - 39","Final figure, complete","2019","413746",""
"Kyrgyzstan","40 - 44","Final figure, complete","2019","350144",""
"Kyrgyzstan","45 - 49","Final figure, complete","2019","321615",""
"Kyrgyzstan","50 - 54","Final figure, complete","2019","294538",""
"Kyrgyzstan","55 - 59","Final figure, complete","2019","275726",""
"Kyrgyzstan","60 - 64","Final figure, complete","2019","199170",""
"Kyrgyzstan","65 - 69","Final figure, complete","2019","129226",""
"Kyrgyzstan","70 - 74","Final figure, complete","2019","64770",""
"Kyrgyzstan","75 - 79","Final figure, complete","2019","44508",""
"Kyrgyzstan","80 - 84","Final figure, complete","2019","36552",""
"Kyrgyzstan","85 +","Final figure, complete","2019","26387",""
"Maldives","Total","Final figure, complete","2019","533941.443214532","8,9"
"Maldives","0","Final figure, complete","2019","7919.51223125577","8,9"
"Maldives","0 - 4","Final figure, complete","2019","39280.8344344734","8,9"
"Maldives","1","Final figure, complete","2019","7917.04525663939","8,9"
"Maldives","1 - 4","Final figure, complete","2019","31367.1610998745","8,9"
"Maldives","2","Final figure, complete","2019","7864.75758815695","8,9"
"Maldives","3","Final figure, complete","2019","7828.99721167004","8,9"
"Maldives","4","Final figure, complete","2019","7756.36104340809","8,9"
"Maldives","5","Final figure, complete","2019","7013.56246577524","8,9"
"Maldives","5 - 9","Final figure, complete","2019","36258.2108888425","8,9"
"Maldives","6","Final figure, complete","2019","7055.36397402583","8,9"
"Maldives","7","Final figure, complete","2019","7437.95531287296","8,9"
"Maldives","8","Final figure, complete","2019","7406.96364676391","8,9"
"Maldives","9","Final figure, complete","2019","7348.05855469241","8,9"
"Maldives","10","Final figure, complete","2019","7333.25224011699","8,9"
"Maldives","10 - 14","Final figure, complete","2019","32049.0928804891","8,9"
"Maldives","11","Final figure, complete","2019","6929.94000871166","8,9"
"Maldives","12","Final figure, complete","2019","6408.91442197699","8,9"
"Maldives","13","Final figure, complete","2019","5950.95329304665","8,9"
"Maldives","14","Final figure, complete","2019","5427.89220680265","8,9"
"Maldives","15","Final figure, complete","2019","5272.35286735438","8,9"
"Maldives","15 - 19","Final figure, complete","2019","30262.240910789","8,9"
"Maldives","16","Final figure, complete","2019","5055.28180268612","8,9"
"Maldives","17","Final figure, complete","2019","5420.39909296899","8,9"
"Maldives","18","Final figure, complete","2019","6978.61057191434","8,9"
"Maldives","19","Final figure, complete","2019","7538.88390539632","8,9"
"Maldives","20","Final figure, complete","2019","10181.4407561833","8,9"
"Maldives","20 - 24","Final figure, complete","2019","62433.8089266151","8,9"
"Maldives","21","Final figure, complete","2019","9974.37693082165","8,9"
"Maldives","22","Final figure, complete","2019","14147.5580267779","8,9"
"Maldives","23","Final figure, complete","2019","13122.1483589932","8,9"
"Maldives","24","Final figure, complete","2019","15037.9587704868","8,9"
"Maldives","25","Final figure, complete","2019","16794.8866441442","8,9"
"Maldives","25 - 29","Final figure, complete","2019","83190.2952410717","8,9"
"Maldives","26","Final figure, complete","2019","17520.8269725089","8,9"
"Maldives","27","Final figure, complete","2019","16201.9732345938","8,9"
"Maldives","28","Final figure, complete","2019","17781.2536396352","8,9"
"Maldives","29","Final figure, complete","2019","14910.5602478927","8,9"
"Maldives","30","Final figure, complete","2019","17075.1279265855","8,9"
"Maldives","30 - 34","Final figure, complete","2019","70756.9968604824","8,9"
"Maldives","31","Final figure, complete","2019","12706.782433429","8,9"
"Maldives","32","Final figure, complete","2019","15234.5931885799","8,9"
"Maldives","33","Final figure, complete","2019","12639.0978971975","8,9"
"Maldives","34","Final figure, complete","2019","13071.5480692454","8,9"
"Maldives","35","Final figure, complete","2019","13751.5217758335","8,9"
"Maldives","35 - 39","Final figure, complete","2019","51484.6029014861","8,9"
"Maldives","36","Final figure, complete","2019","9948.70211523685","8,9"
"Maldives","37","Final figure, complete","2019","10028.6577106784","8,9"
"Maldives","38","Final figure, complete","2019","9495.7192885374","8,9"
"Maldives","39","Final figure, complete","2019","8241.37197166611","8,9"
"Maldives","40","Final figure, complete","2019","9142.72110863994","8,9"
"Maldives","40 - 44","Final figure, complete","2019","35540.9235808565","8,9"
"Maldives","41","Final figure, complete","2019","6102.23017204782","8,9"
"Maldives","42","Final figure, complete","2019","7592.20532109748","8,9"
"Maldives","43","Final figure, complete","2019","6629.9607580935","8,9"
"Maldives","44","Final figure, complete","2019","6071.51871400609","8,9"
"Maldives","45","Final figure, complete","2019","6715.40503708468","8,9"
"Maldives","45 - 49","Final figure, complete","2019","26892.2307608101","8,9"
"Maldives","46","Final figure, complete","2019","4990.92989974605","8,9"
"Maldives","47","Final figure, complete","2019","5357.60495735652","8,9"
"Maldives","48","Final figure, complete","2019","5115.13074161223","8,9"
"Maldives","49","Final figure, complete","2019","4707.36509261453","8,9"
"Maldives","50","Final figure, complete","2019","5046.11896099298","8,9"
"Maldives","50 - 54","Final figure, complete","2019","20613.6757623251","8,9"
"Maldives","51","Final figure, complete","2019","4052.10427407602","8,9"
"Maldives","52","Final figure, complete","2019","3934.1648090865","8,9"
"Maldives","53","Final figure, complete","2019","3626.58302765577","8,9"
"Maldives","54","Final figure, complete","2019","3961.82037858827","8,9"
"Maldives","55","Final figure, complete","2019","3315.34176197758","8,9"
"Maldives","55 - 59","Final figure, complete","2019","15752.0987908729","8,9"
"Maldives","56","Final figure, complete","2019","3076.13708070924","8,9"
"Maldives","57","Final figure, complete","2019","3276.30304141942","8,9"
"Maldives","58","Final figure, complete","2019","3209.17229198013","8,9"
"Maldives","59","Final figure, complete","2019","2867.11787368882","8,9"
"Maldives","60","Final figure, complete","2019","2952.42306184847","8,9"
"Maldives","60 - 64","Final figure, complete","2019","11508.8669480317","8,9"
"Maldives","61","Final figure, complete","2019","2413.02259046733","8,9"
"Maldives","62","Final figure, complete","2019","2344.74011548928","8,9"
"Maldives","63","Final figure, complete","2019","2068.41334476341","8,9"
"Maldives","64","Final figure, complete","2019","1721.82568162571","8,9"
"Maldives","65","Final figure, complete","2019","1366.99660466652","8,9"
"Maldives","65 - 69","Final figure, complete","2019","5837.57110962346","8,9"
"Maldives","66","Final figure, complete","2019","1161.88209614574","8,9"
"Maldives","67","Final figure, complete","2019","1153.28882452685","8,9"
"Maldives","68","Final figure, complete","2019","1048.38138470679","8,9"
"Maldives","69","Final figure, complete","2019","1108.05510010161","8,9"
"Maldives","70","Final figure, complete","2019","974.679833769859","8,9"
"Maldives","70 - 74","Final figure, complete","2019","4247.07276017232","8,9"
"Maldives","71","Final figure, complete","2019","859.293642738251","8,9"
"Maldives","72","Final figure, complete","2019","860.379036958226","8,9"
"Maldives","73","Final figure, complete","2019","801.817239275269","8,9"
"Maldives","74","Final figure, complete","2019","751.500711438957","8,9"
"Maldives","75","Final figure, complete","2019","835.53958250862","8,9"
"Maldives","75 - 79","Final figure, complete","2019","3820.13320780268","8,9"
"Maldives","76","Final figure, complete","2019","777.30937376293","8,9"
"Maldives","77","Final figure, complete","2019","792.630962870985","8,9"
"Maldives","78","Final figure, complete","2019","741.892888612956","8,9"
"Maldives","79","Final figure, complete","2019","673","8,9"
"Maldives","80 +","Final figure, complete","2019","4012.78724978842","8,9"
"Mexico","Total","Final figure, complete","2019","126577691","10"
"Mexico","0","Final figure, complete","2019","2152703","10"
"Mexico","0 - 4","Final figure, complete","2019","10891936","10"
"Mexico","1","Final figure, complete","2019","2164944","10"
"Mexico","1 - 4","Final figure, complete","2019","8739233","10"
"Mexico","2","Final figure, complete","2019","2179828","10"
"Mexico","3","Final figure, complete","2019","2192474","10"
"Mexico","4","Final figure, complete","2019","2201987","10"
"Mexico","5","Final figure, complete","2019","2207979","10"
"Mexico","5 - 9","Final figure, complete","2019","11063085","10"
"Mexico","6","Final figure, complete","2019","2210783","10"
"Mexico","7","Final figure, complete","2019","2212617","10"
"Mexico","8","Final figure, complete","2019","2214342","10"
"Mexico","9","Final figure, complete","2019","2217364","10"
"Mexico","10","Final figure, complete","2019","2221593","10"
"Mexico","10 - 14","Final figure, complete","2019","11143813","10"
"Mexico","11","Final figure, complete","2019","2225258","10"
"Mexico","12","Final figure, complete","2019","2228392","10"
"Mexico","13","Final figure, complete","2019","2232708","10"
"Mexico","14","Final figure, complete","2019","2235862","10"
"Mexico","15","Final figure, complete","2019","2232347","10"
"Mexico","15 - 19","Final figure, complete","2019","11060233","10"
"Mexico","16","Final figure, complete","2019","2222681","10"
"Mexico","17","Final figure, complete","2019","2212384","10"
"Mexico","18","Final figure, complete","2019","2201924","10"
"Mexico","19","Final figure, complete","2019","2190897","10"
"Mexico","20","Final figure, complete","2019","2181248","10"
"Mexico","20 - 24","Final figure, complete","2019","10860364","10"
"Mexico","21","Final figure, complete","2019","2174088","10"
"Mexico","22","Final figure, complete","2019","2169924","10"
"Mexico","23","Final figure, complete","2019","2168435","10"
"Mexico","24","Final figure, complete","2019","2166669","10"
"Mexico","25","Final figure, complete","2019","2159189","10"
"Mexico","25 - 29","Final figure, complete","2019","10579511","10"
"Mexico","26","Final figure, complete","2019","2144514","10"
"Mexico","27","Final figure, complete","2019","2123443","10"
"Mexico","28","Final figure, complete","2019","2093918","10"
"Mexico","29","Final figure, complete","2019","2058447","10"
"Mexico","30","Final figure, complete","2019","2023239","10"
"Mexico","30 - 34","Final figure, complete","2019","9753419","10"
"Mexico","31","Final figure, complete","2019","1988078","10"
"Mexico","32","Final figure, complete","2019","1951125","10"
"Mexico","33","Final figure, complete","2019","1913968","10"
"Mexico","34","Final figure, complete","2019","1877009","10"
"Mexico","35","Final figure, complete","2019","1839922","10"
"Mexico","35 - 39","Final figure, complete","2019","8862603","10"
"Mexico","36","Final figure, complete","2019","1803678","10"
"Mexico","37","Final figure, complete","2019","1769492","10"
"Mexico","38","Final figure, complete","2019","1738264","10"
"Mexico","39","Final figure, complete","2019","1711247","10"
"Mexico","40","Final figure, complete","2019","1688953","10"
"Mexico","40 - 44","Final figure, complete","2019","8295137","10"
"Mexico","41","Final figure, complete","2019","1671014","10"
"Mexico","42","Final figure, complete","2019","1657005","10"
"Mexico","43","Final figure, complete","2019","1646089","10"
"Mexico","44","Final figure, complete","2019","1632076","10"
"Mexico","45","Final figure, complete","2019","1611162","10"
"Mexico","45 - 49","Final figure, complete","2019","7734457","10"
"Mexico","46","Final figure, complete","2019","1584536","10"
"Mexico","47","Final figure, complete","2019","1551799","10"
"Mexico","48","Final figure, complete","2019","1513955","10"
"Mexico","49","Final figure, complete","2019","1473005","10"
"Mexico","50","Final figure, complete","2019","1430286","10"
"Mexico","50 - 54","Final figure, complete","2019","6721901","10"
"Mexico","51","Final figure, complete","2019","1386651","10"
"Mexico","52","Final figure, complete","2019","1343398","10"
"Mexico","53","Final figure, complete","2019","1301328","10"
"Mexico","54","Final figure, complete","2019","1260238","10"
"Mexico","55","Final figure, complete","2019","1219388","10"
"Mexico","55 - 59","Final figure, complete","2019","5675731","10"
"Mexico","56","Final figure, complete","2019","1178318","10"
"Mexico","57","Final figure, complete","2019","1136491","10"
"Mexico","58","Final figure, complete","2019","1093250","10"
"Mexico","59","Final figure, complete","2019","1048284","10"
"Mexico","60","Final figure, complete","2019","1001556","10"
"Mexico","60 - 64","Final figure, complete","2019","4523043","10"
"Mexico","61","Final figure, complete","2019","953427","10"
"Mexico","62","Final figure, complete","2019","904553","10"
"Mexico","63","Final figure, complete","2019","855758","10"
"Mexico","64","Final figure, complete","2019","807749","10"
"Mexico","65","Final figure, complete","2019","760430","10"
"Mexico","65 - 69","Final figure, complete","2019","3355193","10"
"Mexico","66","Final figure, complete","2019","714234","10"
"Mexico","67","Final figure, complete","2019","669151","10"
"Mexico","68","Final figure, complete","2019","624872","10"
"Mexico","69","Final figure, complete","2019","586506","10"
"Mexico","70","Final figure, complete","2019","551610","10"
"Mexico","70 - 74","Final figure, complete","2019","2416176","10"
"Mexico","71","Final figure, complete","2019","515847","10"
"Mexico","72","Final figure, complete","2019","481704","10"
"Mexico","73","Final figure, complete","2019","449078","10"
"Mexico","74","Final figure, complete","2019","417937","10"
"Mexico","75","Final figure, complete","2019","387937","10"
"Mexico","75 - 79","Final figure, complete","2019","1666269","10"
"Mexico","76","Final figure, complete","2019","359115","10"
"Mexico","77","Final figure, complete","2019","332297","10"
"Mexico","78","Final figure, complete","2019","306384","10"
"Mexico","79","Final figure, complete","2019","280536","10"
"Mexico","80","Final figure, complete","2019","255546","10"
"Mexico","80 - 84","Final figure, complete","2019","1053840","10"
"Mexico","81","Final figure, complete","2019","231858","10"
"Mexico","82","Final figure, complete","2019","209516","10"
"Mexico","83","Final figure, complete","2019","188397","10"
"Mexico","84","Final figure, complete","2019","168523","10"
"Mexico","85","Final figure, complete","2019","149842","10"
"Mexico","85 - 89","Final figure, complete","2019","583444","10"
"Mexico","86","Final figure, complete","2019","132240","10"
"Mexico","87","Final figure, complete","2019","115699","10"
"Mexico","88","Final figure, complete","2019","100150","10"
"Mexico","89","Final figure, complete","2019","85513","10"
"Mexico","90","Final figure, complete","2019","71863","10"
"Mexico","90 - 94","Final figure, complete","2019","251054","10"
"Mexico","91","Final figure, complete","2019","59706","10"
"Mexico","92","Final figure, complete","2019","48856","10"
"Mexico","93","Final figure, complete","2019","39346","10"
"Mexico","94","Final figure, complete","2019","31283","10"
"Mexico","95","Final figure, complete","2019","24378","10"
"Mexico","95 - 99","Final figure, complete","2019","73787","10"
"Mexico","96","Final figure, complete","2019","18579","10"
"Mexico","97","Final figure, complete","2019","13811","10"
"Mexico","98","Final figure, complete","2019","9994","10"
"Mexico","99","Final figure, complete","2019","7025","10"
"Mexico","100 +","Final figure, complete","2019","12695","10"
"Panama","Total","Provisional figure","2019","4218808","3"
"Panama","0","Provisional figure","2019","74183","3"
"Panama","0 - 4","Provisional figure","2019","369996","3"
"Panama","1","Provisional figure","2019","73977","3"
"Panama","1 - 4","Provisional figure","2019","295813","3"
"Panama","2","Provisional figure","2019","73936","3"
"Panama","3","Provisional figure","2019","73968","3"
"Panama","4","Provisional figure","2019","73932","3"
"Panama","5","Provisional figure","2019","73955","3"
"Panama","5 - 9","Provisional figure","2019","367710","3"
"Panama","6","Provisional figure","2019","74130","3"
"Panama","7","Provisional figure","2019","73809","3"
"Panama","8","Provisional figure","2019","73121","3"
"Panama","9","Provisional figure","2019","72695","3"
"Panama","10","Provisional figure","2019","72714","3"
"Panama","10 - 14","Provisional figure","2019","363266","3"
"Panama","11","Provisional figure","2019","72715","3"
"Panama","12","Provisional figure","2019","72693","3"
"Panama","13","Provisional figure","2019","72612","3"
"Panama","14","Provisional figure","2019","72532","3"
"Panama","15","Provisional figure","2019","72389","3"
"Panama","15 - 19","Provisional figure","2019","359157","3"
"Panama","16","Provisional figure","2019","72189","3"
"Panama","17","Provisional figure","2019","71940","3"
"Panama","18","Provisional figure","2019","71614","3"
"Panama","19","Provisional figure","2019","71025","3"
"Panama","20","Provisional figure","2019","70238","3"
"Panama","20 - 24","Provisional figure","2019","342939","3"
"Panama","21","Provisional figure","2019","69725","3"
"Panama","22","Provisional figure","2019","68825","3"
"Panama","23","Provisional figure","2019","67734","3"
"Panama","24","Provisional figure","2019","66417","3"
"Panama","25","Provisional figure","2019","65749","3"
"Panama","25 - 29","Provisional figure","2019","321839","3"
"Panama","26","Provisional figure","2019","64983","3"
"Panama","27","Provisional figure","2019","64300","3"
"Panama","28","Provisional figure","2019","63499","3"
"Panama","29","Provisional figure","2019","63308","3"
"Panama","30","Provisional figure","2019","63028","3"
"Panama","30 - 34","Provisional figure","2019","310632","3"
"Panama","31","Provisional figure","2019","62641","3"
"Panama","32","Provisional figure","2019","62175","3"
"Panama","33","Provisional figure","2019","61626","3"
"Panama","34","Provisional figure","2019","61162","3"
"Panama","35","Provisional figure","2019","60615","3"
"Panama","35 - 39","Provisional figure","2019","297232","3"
"Panama","36","Provisional figure","2019","59957","3"
"Panama","37","Provisional figure","2019","59517","3"
"Panama","38","Provisional figure","2019","58965","3"
"Panama","39","Provisional figure","2019","58178","3"
"Panama","40","Provisional figure","2019","57886","3"
"Panama","40 - 44","Provisional figure","2019","284199","3"
"Panama","41","Provisional figure","2019","57472","3"
"Panama","42","Provisional figure","2019","56934","3"
"Panama","43","Provisional figure","2019","56300","3"
"Panama","44","Provisional figure","2019","55607","3"
"Panama","45","Provisional figure","2019","54831","3"
"Panama","45 - 49","Provisional figure","2019","265049","3"
"Panama","46","Provisional figure","2019","53991","3"
"Panama","47","Provisional figure","2019","53102","3"
"Panama","48","Provisional figure","2019","52159","3"
"Panama","49","Provisional figure","2019","50966","3"
"Panama","50","Provisional figure","2019","49091","3"
"Panama","50 - 54","Provisional figure","2019","230756","3"
"Panama","51","Provisional figure","2019","47615","3"
"Panama","52","Provisional figure","2019","46132","3"
"Panama","53","Provisional figure","2019","44677","3"
"Panama","54","Provisional figure","2019","43241","3"
"Panama","55","Provisional figure","2019","41832","3"
"Panama","55 - 59","Provisional figure","2019","195779","3"
"Panama","56","Provisional figure","2019","40451","3"
"Panama","57","Provisional figure","2019","39503","3"
"Panama","58","Provisional figure","2019","37913","3"
"Panama","59","Provisional figure","2019","36080","3"
"Panama","60","Provisional figure","2019","34300","3"
"Panama","60 - 64","Provisional figure","2019","155052","3"
"Panama","61","Provisional figure","2019","32598","3"
"Panama","62","Provisional figure","2019","30944","3"
"Panama","63","Provisional figure","2019","29360","3"
"Panama","64","Provisional figure","2019","27850","3"
"Panama","65","Provisional figure","2019","26409","3"
"Panama","65 - 69","Provisional figure","2019","118700","3"
"Panama","66","Provisional figure","2019","25031","3"
"Panama","67","Provisional figure","2019","23692","3"
"Panama","68","Provisional figure","2019","22442","3"
"Panama","69","Provisional figure","2019","21126","3"
"Panama","70","Provisional figure","2019","19899","3"
"Panama","70 - 74","Provisional figure","2019","88880","3"
"Panama","71","Provisional figure","2019","18816","3"
"Panama","72","Provisional figure","2019","17755","3"
"Panama","73","Provisional figure","2019","16715","3"
"Panama","74","Provisional figure","2019","15695","3"
"Panama","75","Provisional figure","2019","14704","3"
"Panama","75 - 79","Provisional figure","2019","64065","3"
"Panama","76","Provisional figure","2019","13734","3"
"Panama","77","Provisional figure","2019","12788","3"
"Panama","78","Provisional figure","2019","11868","3"
"Panama","79","Provisional figure","2019","10971","3"
"Panama","80","Provisional figure","2019","10101","3"
"Panama","80 - 84","Provisional figure","2019","42357","3"
"Panama","81","Provisional figure","2019","9257","3"
"Panama","82","Provisional figure","2019","8440","3"
"Panama","83","Provisional figure","2019","7656","3"
"Panama","84","Provisional figure","2019","6903","3"
"Panama","85","Provisional figure","2019","6184","3"
"Panama","85 - 89","Provisional figure","2019","24542","3"
"Panama","85 +","Provisional figure","2019","41200","3"
"Panama","86","Provisional figure","2019","5506","3"
"Panama","87","Provisional figure","2019","4868","3"
"Panama","88","Provisional figure","2019","4271","3"
"Panama","89","Provisional figure","2019","3713","3"
"Panama","90","Provisional figure","2019","3197","3"
"Panama","90 - 94","Provisional figure","2019","11699","3"
"Panama","91","Provisional figure","2019","2725","3"
"Panama","92","Provisional figure","2019","2296","3"
"Panama","93","Provisional figure","2019","1912","3"
"Panama","94","Provisional figure","2019","1569","3"
"Panama","95","Provisional figure","2019","1270","3"
"Panama","95 - 99","Provisional figure","2019","4143","3"
"Panama","96","Provisional figure","2019","1012","3"
"Panama","97","Provisional figure","2019","793","3"
"Panama","98","Provisional figure","2019","609","3"
"Panama","99","Provisional figure","2019","459","3"
"Panama","100 +","Provisional figure","2019","816","3"
"Saint Vincent and the Grenadines","Total","Final figure, complete","2019","110607.636363636",""
"Saint Vincent and the Grenadines","0","Final figure, complete","2019","1585.12397736045",""
"Saint Vincent and the Grenadines","0 - 4","Final figure, complete","2019","8755.97339691",""
"Saint Vincent and the Grenadines","1 - 4","Final figure, complete","2019","7170.84941954955",""
"Saint Vincent and the Grenadines","5 - 9","Final figure, complete","2019","8630.32335778118",""
"Saint Vincent and the Grenadines","10 - 14","Final figure, complete","2019","9888.19172049291",""
"Saint Vincent and the Grenadines","15 - 19","Final figure, complete","2019","10041.0448824398",""
"Saint Vincent and the Grenadines","20 - 24","Final figure, complete","2019","8718.48392908989",""
"Saint Vincent and the Grenadines","25 - 29","Final figure, complete","2019","8425.07815306018",""
"Saint Vincent and the Grenadines","30 - 34","Final figure, complete","2019","7963.31253291474",""
"Saint Vincent and the Grenadines","35 - 39","Final figure, complete","2019","7651.1396637883",""
"Saint Vincent and the Grenadines","40 - 44","Final figure, complete","2019","7250.25898691114",""
"Saint Vincent and the Grenadines","45 - 49","Final figure, complete","2019","7564.13043613642",""
"Saint Vincent and the Grenadines","50 - 54","Final figure, complete","2019","6634.90672160879",""
"Saint Vincent and the Grenadines","55 - 59","Final figure, complete","2019","5097.80710227366",""
"Saint Vincent and the Grenadines","60 - 64","Final figure, complete","2019","3871.12012206841",""
"Saint Vincent and the Grenadines","65 - 69","Final figure, complete","2019","2878.13440220526",""
"Saint Vincent and the Grenadines","70 - 74","Final figure, complete","2019","2568.83316748374",""
"Saint Vincent and the Grenadines","75 - 79","Final figure, complete","2019","2002.98373048879",""
"Saint Vincent and the Grenadines","80 - 84","Final figure, complete","2019","1460.55690725358",""
"Saint Vincent and the Grenadines","85 +","Final figure, complete","2019","1205.35715072963",""
"Uruguay","Total","Final figure, complete","2019","3518552.48924984","11"
"Uruguay","0","Final figure, complete","2019","45235.0674940543","11"
"Uruguay","0 - 4","Final figure, complete","2019","227572.284597773","11"
"Uruguay","1","Final figure, complete","2019","45359.9670243238","11"
"Uruguay","1 - 4","Final figure, complete","2019","182337.217103719","11"
"Uruguay","2","Final figure, complete","2019","45508.1792197474","11"
"Uruguay","3","Final figure, complete","2019","45660.4724733772","11"
"Uruguay","4","Final figure, complete","2019","45808.5983862704","11"
"Uruguay","5","Final figure, complete","2019","45952.9758073634","11"
"Uruguay","5 - 9","Final figure, complete","2019","231825.577422355","11"
"Uruguay","6","Final figure, complete","2019","46097.8498412254","11"
"Uruguay","7","Final figure, complete","2019","46221.8167632033","11"
"Uruguay","8","Final figure, complete","2019","46669.5877434805","11"
"Uruguay","9","Final figure, complete","2019","46883.3472670824","11"
"Uruguay","10","Final figure, complete","2019","47121.7999291131","11"
"Uruguay","10 - 14","Final figure, complete","2019","239596.903648607","11"
"Uruguay","11","Final figure, complete","2019","47335.2772703077","11"
"Uruguay","12","Final figure, complete","2019","47640.0110425651","11"
"Uruguay","13","Final figure, complete","2019","48263.1105086659","11"
"Uruguay","14","Final figure, complete","2019","49236.7048979558","11"
"Uruguay","15","Final figure, complete","2019","50232.9437240785","11"
"Uruguay","15 - 19","Final figure, complete","2019","256938.720666993","11"
"Uruguay","16","Final figure, complete","2019","50941.191603253","11"
"Uruguay","17","Final figure, complete","2019","51440.8727726619","11"
"Uruguay","18","Final figure, complete","2019","51914.6364869679","11"
"Uruguay","19","Final figure, complete","2019","52409.0760800322","11"
"Uruguay","20","Final figure, complete","2019","53051.5569830644","11"
"Uruguay","20 - 24","Final figure, complete","2019","271388.649261865","11"
"Uruguay","21","Final figure, complete","2019","53958.0123780576","11"
"Uruguay","22","Final figure, complete","2019","54830.3117805385","11"
"Uruguay","23","Final figure, complete","2019","55089.475967385","11"
"Uruguay","24","Final figure, complete","2019","54459.2921528192","11"
"Uruguay","25","Final figure, complete","2019","53197.5834817003","11"
"Uruguay","25 - 29","Final figure, complete","2019","257616.624350652","11"
"Uruguay","26","Final figure, complete","2019","51900.9215438018","11"
"Uruguay","27","Final figure, complete","2019","51087.0974478912","11"
"Uruguay","28","Final figure, complete","2019","50792.3162952022","11"
"Uruguay","29","Final figure, complete","2019","50638.705582056","11"
"Uruguay","30","Final figure, complete","2019","50306.8440258072","11"
"Uruguay","30 - 34","Final figure, complete","2019","245771.710338887","11"
"Uruguay","31","Final figure, complete","2019","49783.0510044266","11"
"Uruguay","32","Final figure, complete","2019","49187.641718532","11"
"Uruguay","33","Final figure, complete","2019","48564.2174803509","11"
"Uruguay","34","Final figure, complete","2019","47929.9561097702","11"
"Uruguay","35","Final figure, complete","2019","47403.5081340085","11"
"Uruguay","35 - 39","Final figure, complete","2019","237062.568341329","11"
"Uruguay","36","Final figure, complete","2019","47141.2426525837","11"
"Uruguay","37","Final figure, complete","2019","47160.6291293469","11"
"Uruguay","38","Final figure, complete","2019","47423.4158311721","11"
"Uruguay","39","Final figure, complete","2019","47933.7725942174","11"
"Uruguay","40","Final figure, complete","2019","48573.9490280874","11"
"Uruguay","40 - 44","Final figure, complete","2019","241209.175227647","11"
"Uruguay","41","Final figure, complete","2019","49021.2536656909","11"
"Uruguay","42","Final figure, complete","2019","48903.9277467355","11"
"Uruguay","43","Final figure, complete","2019","48052.9937026349","11"
"Uruguay","44","Final figure, complete","2019","46657.0510844985","11"
"Uruguay","45","Final figure, complete","2019","45232.4201997464","11"
"Uruguay","45 - 49","Final figure, complete","2019","219035.23630368","11"
"Uruguay","46","Final figure, complete","2019","44259.0346359807","11"
"Uruguay","47","Final figure, complete","2019","43746.0840215768","11"
"Uruguay","48","Final figure, complete","2019","43294.899791781","11"
"Uruguay","49","Final figure, complete","2019","42502.7976545954","11"
"Uruguay","50","Final figure, complete","2019","41338.2067526509","11"
"Uruguay","50 - 54","Final figure, complete","2019","201497.944403392","11"
"Uruguay","51","Final figure, complete","2019","40224.8488649385","11"
"Uruguay","52","Final figure, complete","2019","39690.8051890995","11"
"Uruguay","53","Final figure, complete","2019","39859.0427956632","11"
"Uruguay","54","Final figure, complete","2019","40385.0408010395","11"
"Uruguay","55","Final figure, complete","2019","40818.1294030198","11"
"Uruguay","55 - 59","Final figure, complete","2019","200537.40459619","11"
"Uruguay","56","Final figure, complete","2019","40875.676541457","11"
"Uruguay","57","Final figure, complete","2019","40469.6030149822","11"
"Uruguay","58","Final figure, complete","2019","39666.9580341342","11"
"Uruguay","59","Final figure, complete","2019","38707.0376025965","11"
"Uruguay","60","Final figure, complete","2019","37868.3345280334","11"
"Uruguay","60 - 64","Final figure, complete","2019","181229.125854114","11"
"Uruguay","61","Final figure, complete","2019","37205.4087962514","11"
"Uruguay","62","Final figure, complete","2019","36521.9689203428","11"
"Uruguay","63","Final figure, complete","2019","35531.1636121856","11"
"Uruguay","64","Final figure, complete","2019","34102.2499973005","11"
"Uruguay","65","Final figure, complete","2019","32452.0343798808","11"
"Uruguay","65 - 69","Final figure, complete","2019","149253.70045288","11"
"Uruguay","66","Final figure, complete","2019","30936.6880258423","11"
"Uruguay","67","Final figure, complete","2019","29691.9203255102","11"
"Uruguay","68","Final figure, complete","2019","28615.0607424287","11"
"Uruguay","69","Final figure, complete","2019","27557.9969792184","11"
"Uruguay","70","Final figure, complete","2019","26532.8707459824","11"
"Uruguay","70 - 74","Final figure, complete","2019","123034.032196884","11"
"Uruguay","71","Final figure, complete","2019","25597.8841753004","11"
"Uruguay","72","Final figure, complete","2019","24692.7491525044","11"
"Uruguay","73","Final figure, complete","2019","23689.8100224168","11"
"Uruguay","74","Final figure, complete","2019","22520.7181006802","11"
"Uruguay","75","Final figure, complete","2019","21294.9356543924","11"
"Uruguay","75 - 79","Final figure, complete","2019","95904.8458697963","11"
"Uruguay","76","Final figure, complete","2019","20183.9399215446","11"
"Uruguay","77","Final figure, complete","2019","19191.2474571252","11"
"Uruguay","78","Final figure, complete","2019","18168.0227551627","11"
"Uruguay","79","Final figure, complete","2019","17066.7000815714","11"
"Uruguay","80","Final figure, complete","2019","15918.0120535709","11"
"Uruguay","80 - 84","Final figure, complete","2019","69196.5680607174","11"
"Uruguay","81","Final figure, complete","2019","14824.1120695293","11"
"Uruguay","82","Final figure, complete","2019","13825.3019976274","11"
"Uruguay","83","Final figure, complete","2019","12820.6992367804","11"
"Uruguay","84","Final figure, complete","2019","11808.4427032095","11"
"Uruguay","85","Final figure, complete","2019","10857.8196239982","11"
"Uruguay","85 - 89","Final figure, complete","2019","44594.3023456057","11"
"Uruguay","86","Final figure, complete","2019","9937.72231965794","11"
"Uruguay","87","Final figure, complete","2019","8998.12365658331","11"
"Uruguay","88","Final figure, complete","2019","7962.44214922935","11"
"Uruguay","89","Final figure, complete","2019","6838.19459613703","11"
"Uruguay","90 +","Final figure, complete","2019","25287.1153104741","11"
"Venezuela (Bolivarian Republic of)","Total","Final figure, complete","2019","32064741",""
"Venezuela (Bolivarian Republic of)","0","Final figure, complete","2019","552619",""
"Venezuela (Bolivarian Republic of)","0 - 4","Final figure, complete","2019","2710310",""
"Venezuela (Bolivarian Republic of)","1","Final figure, complete","2019","535840",""
"Venezuela (Bolivarian Republic of)","1 - 4","Final figure, complete","2019","2157691",""
"Venezuela (Bolivarian Republic of)","2","Final figure, complete","2019","538277",""
"Venezuela (Bolivarian Republic of)","3","Final figure, complete","2019","540604",""
"Venezuela (Bolivarian Republic of)","4","Final figure, complete","2019","542970",""
"Venezuela (Bolivarian Republic of)","5","Final figure, complete","2019","545265",""
"Venezuela (Bolivarian Republic of)","5 - 9","Final figure, complete","2019","2748508",""
"Venezuela (Bolivarian Republic of)","6","Final figure, complete","2019","547553",""
"Venezuela (Bolivarian Republic of)","7","Final figure, complete","2019","549750",""
"Venezuela (Bolivarian Republic of)","8","Final figure, complete","2019","551882",""
"Venezuela (Bolivarian Republic of)","9","Final figure, complete","2019","554058",""
"Venezuela (Bolivarian Republic of)","10","Final figure, complete","2019","556047",""
"Venezuela (Bolivarian Republic of)","10 - 14","Final figure, complete","2019","2791506",""
"Venezuela (Bolivarian Republic of)","11","Final figure, complete","2019","557675",""
"Venezuela (Bolivarian Republic of)","12","Final figure, complete","2019","558936",""
"Venezuela (Bolivarian Republic of)","13","Final figure, complete","2019","559693",""
"Venezuela (Bolivarian Republic of)","14","Final figure, complete","2019","559155",""
"Venezuela (Bolivarian Republic of)","15","Final figure, complete","2019","558062",""
"Venezuela (Bolivarian Republic of)","15 - 19","Final figure, complete","2019","2770223",""
"Venezuela (Bolivarian Republic of)","16","Final figure, complete","2019","556512",""
"Venezuela (Bolivarian Republic of)","17","Final figure, complete","2019","554575",""
"Venezuela (Bolivarian Republic of)","18","Final figure, complete","2019","552312",""
"Venezuela (Bolivarian Republic of)","19","Final figure, complete","2019","548762",""
"Venezuela (Bolivarian Republic of)","20","Final figure, complete","2019","544273",""
"Venezuela (Bolivarian Republic of)","20 - 24","Final figure, complete","2019","2678628",""
"Venezuela (Bolivarian Republic of)","21","Final figure, complete","2019","539806",""
"Venezuela (Bolivarian Republic of)","22","Final figure, complete","2019","535280",""
"Venezuela (Bolivarian Republic of)","23","Final figure, complete","2019","530517",""
"Venezuela (Bolivarian Republic of)","24","Final figure, complete","2019","528752",""
"Venezuela (Bolivarian Republic of)","25","Final figure, complete","2019","526456",""
"Venezuela (Bolivarian Republic of)","25 - 29","Final figure, complete","2019","2604562",""
"Venezuela (Bolivarian Republic of)","26","Final figure, complete","2019","523778",""
"Venezuela (Bolivarian Republic of)","27","Final figure, complete","2019","520389",""
"Venezuela (Bolivarian Republic of)","28","Final figure, complete","2019","515976",""
"Venezuela (Bolivarian Republic of)","29","Final figure, complete","2019","517963",""
"Venezuela (Bolivarian Republic of)","30","Final figure, complete","2019","518597",""
"Venezuela (Bolivarian Republic of)","30 - 34","Final figure, complete","2019","2569261",""
"Venezuela (Bolivarian Republic of)","31","Final figure, complete","2019","517988",""
"Venezuela (Bolivarian Republic of)","32","Final figure, complete","2019","516379",""
"Venezuela (Bolivarian Republic of)","33","Final figure, complete","2019","512703",""
"Venezuela (Bolivarian Republic of)","34","Final figure, complete","2019","503594",""
"Venezuela (Bolivarian Republic of)","35","Final figure, complete","2019","493455",""
"Venezuela (Bolivarian Republic of)","35 - 39","Final figure, complete","2019","2357364",""
"Venezuela (Bolivarian Republic of)","36","Final figure, complete","2019","483000",""
"Venezuela (Bolivarian Republic of)","37","Final figure, complete","2019","471602",""
"Venezuela (Bolivarian Republic of)","38","Final figure, complete","2019","459789",""
"Venezuela (Bolivarian Republic of)","39","Final figure, complete","2019","449518",""
"Venezuela (Bolivarian Republic of)","40","Final figure, complete","2019","438955",""
"Venezuela (Bolivarian Republic of)","40 - 44","Final figure, complete","2019","2093543",""
"Venezuela (Bolivarian Republic of)","41","Final figure, complete","2019","428607",""
"Venezuela (Bolivarian Republic of)","42","Final figure, complete","2019","418035",""
"Venezuela (Bolivarian Republic of)","43","Final figure, complete","2019","407179",""
"Venezuela (Bolivarian Republic of)","44","Final figure, complete","2019","400767",""
"Venezuela (Bolivarian Republic of)","45","Final figure, complete","2019","394119",""
"Venezuela (Bolivarian Republic of)","45 - 49","Final figure, complete","2019","1910427",""
"Venezuela (Bolivarian Republic of)","46","Final figure, complete","2019","388068",""
"Venezuela (Bolivarian Republic of)","47","Final figure, complete","2019","381823",""
"Venezuela (Bolivarian Republic of)","48","Final figure, complete","2019","375375",""
"Venezuela (Bolivarian Republic of)","49","Final figure, complete","2019","371042",""
"Venezuela (Bolivarian Republic of)","50","Final figure, complete","2019","366535",""
"Venezuela (Bolivarian Republic of)","50 - 54","Final figure, complete","2019","1781279",""
"Venezuela (Bolivarian Republic of)","51","Final figure, complete","2019","362549",""
"Venezuela (Bolivarian Republic of)","52","Final figure, complete","2019","358141",""
"Venezuela (Bolivarian Republic of)","53","Final figure, complete","2019","353018",""
"Venezuela (Bolivarian Republic of)","54","Final figure, complete","2019","341036",""
"Venezuela (Bolivarian Republic of)","55","Final figure, complete","2019","329084",""
"Venezuela (Bolivarian Republic of)","55 - 59","Final figure, complete","2019","1529356",""
"Venezuela (Bolivarian Republic of)","56","Final figure, complete","2019","318079",""
"Venezuela (Bolivarian Republic of)","57","Final figure, complete","2019","306847",""
"Venezuela (Bolivarian Republic of)","58","Final figure, complete","2019","295207",""
"Venezuela (Bolivarian Republic of)","59","Final figure, complete","2019","280139",""
"Venezuela (Bolivarian Republic of)","60","Final figure, complete","2019","265121",""
"Venezuela (Bolivarian Republic of)","60 - 64","Final figure, complete","2019","1187457",""
"Venezuela (Bolivarian Republic of)","61","Final figure, complete","2019","251110",""
"Venezuela (Bolivarian Republic of)","62","Final figure, complete","2019","237308",""
"Venezuela (Bolivarian Republic of)","63","Final figure, complete","2019","223519",""
"Venezuela (Bolivarian Republic of)","64","Final figure, complete","2019","210399",""
"Venezuela (Bolivarian Republic of)","65","Final figure, complete","2019","197309",""
"Venezuela (Bolivarian Republic of)","65 - 69","Final figure, complete","2019","859994",""
"Venezuela (Bolivarian Republic of)","66","Final figure, complete","2019","184171",""
"Venezuela (Bolivarian Republic of)","67","Final figure, complete","2019","170943",""
"Venezuela (Bolivarian Republic of)","68","Final figure, complete","2019","157674",""
"Venezuela (Bolivarian Republic of)","69","Final figure, complete","2019","149897",""
"Venezuela (Bolivarian Republic of)","70","Final figure, complete","2019","141043",""
"Venezuela (Bolivarian Republic of)","70 - 74","Final figure, complete","2019","608292",""
"Venezuela (Bolivarian Republic of)","71","Final figure, complete","2019","130857",""
"Venezuela (Bolivarian Republic of)","72","Final figure, complete","2019","121146",""
"Venezuela (Bolivarian Republic of)","73","Final figure, complete","2019","111932",""
"Venezuela (Bolivarian Republic of)","74","Final figure, complete","2019","103314",""
"Venezuela (Bolivarian Republic of)","75","Final figure, complete","2019","95091",""
"Venezuela (Bolivarian Republic of)","75 - 79","Final figure, complete","2019","400939",""
"Venezuela (Bolivarian Republic of)","76","Final figure, complete","2019","87277",""
"Venezuela (Bolivarian Republic of)","77","Final figure, complete","2019","79815",""
"Venezuela (Bolivarian Republic of)","78","Final figure, complete","2019","72734",""
"Venezuela (Bolivarian Republic of)","79","Final figure, complete","2019","66022",""
"Venezuela (Bolivarian Republic of)","80","Final figure, complete","2019","59606",""
"Venezuela (Bolivarian Republic of)","80 - 84","Final figure, complete","2019","241693",""
"Venezuela (Bolivarian Republic of)","81","Final figure, complete","2019","53604",""
"Venezuela (Bolivarian Republic of)","82","Final figure, complete","2019","47958",""
"Venezuela (Bolivarian Republic of)","83","Final figure, complete","2019","42698",""
"Venezuela (Bolivarian Republic of)","84","Final figure, complete","2019","37827",""
"Venezuela (Bolivarian Republic of)","85","Final figure, complete","2019","33337",""
"Venezuela (Bolivarian Republic of)","85 - 89","Final figure, complete","2019","129442",""
"Venezuela (Bolivarian Republic of)","86","Final figure, complete","2019","29228",""
"Venezuela (Bolivarian Republic of)","87","Final figure, complete","2019","25517",""
"Venezuela (Bolivarian Republic of)","88","Final figure, complete","2019","22168",""
"Venezuela (Bolivarian Republic of)","89","Final figure, complete","2019","19192",""
"Venezuela (Bolivarian Republic of)","90","Final figure, complete","2019","16515",""
"Venezuela (Bolivarian Republic of)","90 - 94","Final figure, complete","2019","61304",""
"Venezuela (Bolivarian Republic of)","91","Final figure, complete","2019","14147",""
"Venezuela (Bolivarian Republic of)","92","Final figure, complete","2019","12016",""
"Venezuela (Bolivarian Republic of)","93","Final figure, complete","2019","10136",""
"Venezuela (Bolivarian Republic of)","94","Final figure, complete","2019","8490",""
"Venezuela (Bolivarian Republic of)","95","Final figure, complete","2019","7045",""
"Venezuela (Bolivarian Republic of)","95 - 99","Final figure, complete","2019","24517",""
"Venezuela (Bolivarian Republic of)","96","Final figure, complete","2019","5804",""
"Venezuela (Bolivarian Republic of)","97","Final figure, complete","2019","4753",""
"Venezuela (Bolivarian Republic of)","98","Final figure, complete","2019","3850",""
"Venezuela (Bolivarian Republic of)","99","Final figure, complete","2019","3065",""
"Venezuela (Bolivarian Republic of)","100 +","Final figure, complete","2019","6136",""
"Viet Nam","Total","Final figure, complete","2019","96208984",""
"Viet Nam","0 - 4","Final figure, complete","2019","7819326",""
"Viet Nam","5 - 9","Final figure, complete","2019","8332719",""
"Viet Nam","10 - 14","Final figure, complete","2019","7219837",""
"Viet Nam","15 - 19","Final figure, complete","2019","6506217",""
"Viet Nam","20 - 24","Final figure, complete","2019","6675703",""
"Viet Nam","25 - 29","Final figure, complete","2019","8447977",""
"Viet Nam","30 - 34","Final figure, complete","2019","8393810",""
"Viet Nam","35 - 39","Final figure, complete","2019","7692386",""
"Viet Nam","40 - 44","Final figure, complete","2019","6684119",""
"Viet Nam","45 - 49","Final figure, complete","2019","6257471",""
"Viet Nam","50 - 54","Final figure, complete","2019","5662010",""
"Viet Nam","55 - 59","Final figure, complete","2019","5108724",""
"Viet Nam","60 - 64","Final figure, complete","2019","3992034",""
"Viet Nam","65 - 69","Final figure, complete","2019","2685271",""
"Viet Nam","70 - 74","Final figure, complete","2019","1640850",""
"Viet Nam","75 - 79","Final figure, complete","2019","1171811",""
"Viet Nam","80 - 84","Final figure, complete","2019","907732",""
"Viet Nam","85 +","Final figure, complete","2019","1010987",""

"footnoteSeqID","Footnote"
"1","Population statistics are compiled from registers."
"2","Based on the results of the 2011 Population Census."
"3","Data based on the 2010 Population Census."
"4","Bermuda is 100 per cent urban."
"5","Based on the results of the 2016 Population Census."
"6","Excluding diplomatic personnel outside the country and including members of alien armed forces not living in military camps and foreign diplomatic personnel not living in embassies or consulates."
"7","Including armed forces stationed in the area."
"8","Data refer to resident population which includes resident Maldivians and resident foreigners."
"9","Based on the results of the 2014 Population Census."
"10","The population projections of CONAPO (National Population Council)."
"11","Data refer to national projections."
